id,Country
1294095131834847233,USA
975069039218307072,USA
1271040305517617152,USA
1522116045279928320,USA
1166720606408036352,USA
772554912697815045,USA
970833147511300096,USA
931361748719824897,USA
1015795232422670336,USA
56813667,USA
1143879645592530944,Qatar
1464634353917509636,USA
1584684618862690304,USA
1542069756441726976,USA
1229838727981207553,USA
926351687194996736,USA
923185206680461312,USA
1034080588574031873,USA
2763854699,South Africa
931737330276290560,USA
826075421720539136,India
784466796183220224,UK
1329458741687808008,USA
2491813267,USA
3319050588,USA
809362912166944768,USA
1324308222828781569,USA
450555578,India
976374187609608192,USA
905191514,USA
908754389195558912,USA
970659652936515584,USA
1490542953328173056,USA
425165327,Ireland
1532625850398654464,USA
1521869290118467584,USA
983613072785813505,USA
1524810449212129280,USA
825879024555528192,USA
1004253405282328577,USA
908947985970610176,USA
1483764595655430145,USA
968450114179153921,USA
819968859591606273,USA
708771506998939650,USA
923204835230416898,USA
911454705292685313,Bangladesh
787859802936320000,Bangladesh
961572158316019712,USA
1490624143699726336,USA
852098436782587904,USA
1041894947585052673,USA
913915539772211202,USA
903197223705501696,USA
841296886539702272,USA
23629150,New Zealand
1536788606089670656,Malaysia
790528812505141248,USA
1489645853329575943,USA
794937834226458624,USA
1012589610994552834,USA
962582928906579969,USA
898567378983829504,USA
1382449358210277377,Canada
1472953294754512899,Canada
1565331121646215169,Canada
1389946860828299268,Canada
345482191,USA
1302896034260168706,South Korea
2800143476,Canada
124279999,Canada
385745392,Canada
49165172,Canada
3433587614,Turkey
3155766909,USA
1575896693169586177,Brazil
3279034640,Canada
21421397,Canada
1396604901162168322,USA
3296891708,Norway
1571535756,USA
1389311147803807746,UK
16914946,Canada
601373074,USA
523559327,Canada
1544263290196561920,Afghanistan
1495521577047367680,USA
15260722,USA
1573249744394223617,Iran
1320960119006502912,USA
102449083,South Africa
1225698736854036480,Denmark
1584310361372729344,Portugal
528167757,USA
1089912583795212289,USA
305818642,USA
1555135230746529792,Kenya
1579908238904070149,Germany
575954382,USA
914740242233610240,Canada
3170442088,Canada
3318607521,South Africa
2704829724,USA
33947812,UK
44315568,Spain
1131932332968022017,USA
879497098600873986,USA
892527331650056192,USA
272048679,Malaysia
1270105085138407429,Spain
3121115589,Italy
1099975647202557952,Philippines
52069825,USA
1590072020263489537,UK
38050918,USA
1587505767103725568,USA
3628478896,Nigeria
1454732780504424449,Spain
2414872573,Serbia
1044565864975093760,Nigeria
1243870687,Senegal
2812283375,Brazil
1022957540626259968,USA
735400012457381888,UK
2857918185,UK
111428078,Canada
3432948783,UK
797748498292756481,Nigeria
882401831367962624,Nigeria
1066392792715399171,Palestine
893254537733169152,USA
1541693317972377601,Ethiopia
1173292987868221440,USA
137844148,Spain
1301709620629721092,Brazil
18266592,USA
961879796958445568,Japan
351851658,UK
2578442060,Canada
348672703,Nigeria
19588360,UK
1479300232487657475,USA
929849083921125376,Nigeria
106106241,Ireland
1250527728698380289,The Netherlands
789451360911626240,Turkey
1280493906816380928,UK
17706314,UK
1307904053641314306,USA
27744104,USA
1108123560923418624,Peru
1362829396294266880,USA
625070121,USA
475467481,USA
19803416,USA
1130296729453117441,USA
1327988253840920576,India
171253181,Canada
20030116,Canada
502827003,Spain
1024509646051192832,Nigeria
418410620,USA
1486396851163119616,USA
1385421320876351488,USA
1593224094,USA
483558523,USA
949146217711263744,USA
1250032712,UK
281740624,Ireland
1148367807198969857,Germany
30103870,USA
974477197,Canada
19555231,USA
26079047,USA
370456473,USA
1492323378493022211,USA
1059286769550663680,USA
249851984,USA
19471205,USA
2883015027,UK
1206959168629985286,USA
1542214758572511234,Nigeria
1150585235538509824,USA
132178318,USA
1572502848222396417,Nigeria
369632971,UK
21930807,UK
1520366231945101314,USA
1452262723157430273,Canada
3316357393,USA
1283402549995941889,UK
2701837987,India
700107876820512768,USA
1457884559677272076,USA
1550670124784427009,USA
784798052762673152,Pakistan
1279930846053629953,UK
1142929815915204608,Japan
23246973,UK
1148030294743638017,Malaysia
614372147,USA
450409352,New Zealand
2956199983,Canada
1234483774781444102,USA
1579470195298541569,Ghana
2660374267,USA
2331011791,USA
1325263662,South Africa
194394058,USA
1569792088308613123,UK
78625795,UK
33636586,UK
1444818988672995335,USA
985283245574180864,Nigeria
2151411331,USA
938702612848959489,Nigeria
27948635,USA
805968320042151936,Australia
4165377754,USA
1570041582044200960,Columbia
65215093,USA
252396076,Australia
2564140491,USA
2633122271,Vietnam
1224106989128544256,USA
792186263142924288,El Salvador
3093080372,Nigeria
1578106090985857027,India
31296988,USA
30695423,South Africa
1591909638198513665,UK
1548793364128178178,USA
1580485390921879553,South Africa
365501987,USA
1288101195693936642,Nigeria
896345658,Nigeria
745944138,Nigeria
1279330646100447233,Nigeria
1297387735557316608,Kenya
1553818594974236675,Kenya
791038844854530048,Nigeria
1412901614021718019,South Africa
1509891962417160196,UK
136013285,USA
416170093,UK
944410144519024640,USA
1480848885945978888,New Zealand
66686733,Nigeria
23829035,Nigeria
965481252164956160,USA
1429841540189499392,South Africa
1474514473599836170,Nigeria
1081351865684672514,USA
898485749674364928,Nigeria
978548073096937472,Nigeria
461368110,Switzerland
1519095338270789632,USA
3140544597,USA
593041454,USA
151965668,USA
1553452401339912193,USA
1289463132788752384,USA
1509894804909527042,Kenya
1199891005866160128,Malta
1162732068431958016,Nigeria
991212449691992064,Kenya
1267308655428472834,USA
1142580474499534849,Nigeria
2598357146,USA
1579079577565003776,Nigeria
1478665009215463424,USA
2745170855,Kenya
1263798445997019142,Nigeria
1015436659230375936,Kenya
575692728,Kenya
1589033186071298049,UK
1568788430,India
731537745860907008,Nigeria
3394607787,USA
222857041,USA
2944167002,USA
860184781,USA
1093898661917011968,USA
1301920782038134784,The Netherlands
1502158751062630400,UK
735402450,Canada
1309743820481998850,Germany
1311097616839700482,USA
1519714315791708161,USA
179819182,USA
1541860322763542528,USA
3733074498,USA
1427099623441801216,USA
1355305730887331840,India
283729215,USA
2272090256,USA
1224960773895618560,USA
1595134239699353611,USA
1488091558813569025,UK
1275382860,USA
235147059,Kenya
1652192167,Kenya
1441459815377563652,India
869417417327480832,USA
1331061149417107456,USA
1173525207908323328,USA
1466651412981374978,USA
35756948,USA
4172368283,USA
1103627522955202561,South Africa
137807409,UK
2282270222,Nigeria
3382030115,Kenya
1588935948305256448,USA
900253552463032320,Germany
718834296669077504,Germany
1511420063810785290,USA
1582131060653010944,USA
1031642965029126145,France
2670076569,Ghana
14532664,Thailand
538170857,Nigeria
975378093970993152,USA
904926887247462401,Nigeria
1645796845,UK
61264934,Indonesia
1414265901340372996,France
3288705094,USA
1579860318842503169,USA
1747338542,USA
1577272027307597829,Turkey
1249740856967430144,Belgium
502000721,Indonesia
1403885994680754176,USA
1407277459976998912,India
1404315644879835138,USA
772852505529159680,USA
30193873,South Africa
1585526357567901696,South Africa
911258440382730240,Australia
1592470587535941633,India
2912957746,Nigeria
2163551056,Ghana
885001795654873092,Nigeria
31779078,UK
3835425045,USA
1559052283697975296,USA
1489790449640484864,USA
1585944936335249409,Canada
1593230054443450369,USA
1518651353928806400,Germany
1088546070647447554,Indonesia
1585874836286758912,USA
1473650981078503437,Nigeria
1561768678160572416,Bangladesh
1557589842392862720,USA
1595111459440271362,Nigeria 
1590697729356972033,Indonesia
362074920,Mauritius
1232350075621462018,USA
3026569511,USA
1586862829839306757,Italy
3073316169,USA
375292710,UK
278977849,Japan
339576418,USA
1474925453261492226,Ivory Coast
972011992520318976,UK
1227926837470298112,Ukraine
178769737,USA
1357398998,South Africa
42034114,Nigeria
2599006848,France
2230877682,USA
878723990,USA
454939194,Sri Lanka
1412454491287347200,USA
611524526,USA
2645948135,USA
3127449109,Ghana
1537079611590201345,Nigeria
1478754489611939841,USA
816385507,USA
1528657354811748352,Pakistan
1417471318526734343,Canada
1519018093506301953,UK
901510624072450048,Uganda
1366877843527974912,USA
420529454,Nigeria
873442087403872256,Lebanon
195267660,USA
432114683,USA
217474287,Nigeria
2991312988,USA
1246245727166173184,Canada
1397599081,USA
1461914065383698433,USA
1128802466688978944,USA
214400521,South Africa
1374494849685065734,USA
395646798,Ethiopia
16059899,Mexico
266099337,USA
554418556,New Zealand
1430794507461742592,USA
2316356275,USA
55634755,USA
461360732,USA
970057029145583616,USA
1477672337373859848,Mexico
937760573365743616,USA
1349136910510395392,Nigeria
1531161175,Nigeria
1586514732605112320,Argentina
141870431,USA
1511379655202385923,USA
2720131461,USA
1354000680491622400,USA
1540005941420204034,UK
4846851059,USA
121243842,UK
455137159,USA
905452098107486208,USA
815461910795657216,USA
918649453808095233,USA
17194257,USA
1288560742917185538,USA
810473529665814528,Nigeria
17097090,USA
304575140,USA
41161995,USA
1147488047656775680,USA
2790948405,USA
1551465440,USA
1359891004145426436,USA
1475180533,UK
1048883100753809408,Pakistan
228530136,Kenya
1559994791651430400,USA
826532549518204935,Nigeria
1555465111313211392,Kenya
1297207077362958336,Canada
1129848049,Ethiopia
1418959212,USA
3010712156,Zambia
123560362,UK
367166948,USA
1195551799303950336,UK
64736207,USA
273732910,UK
1188947703000002561,Canada
1069746895650574336,UK
3244619288,USA
1710909410,USA
40874035,USA
303304759,USA
736934141430616068,USA
4519267396,UK
2951467943,USA
18303259,Switzerland
383347938,USA
1595134285664718849,USA
1012380076757999616,USA
436362270,Kenya
16960981,New Zealand
1612681699,Vietnam
1276876805018968065,USA
1213556947334549504,USA
15321408,USA
955465869827674114,France
1352451605950386177,USA
851974004,USA
31579226,USA
1238242409919598593,USA
112961565,USA
4887216641,USA
1882680462,USA
1509538072588865536,USA
733385072435302400,USA
793161180814708736,USA
4863079029,Canada
2805971736,Nigeria
1094248120265965568,USA
914956623801733121,Canada
26688322,Canada
420554142,USA
1253659543114002432,USA
1152213159941464064,Nigeria
357668552,USA
102693320,UK
306928901,UK
817761598278406148,France
1431221129633574915,South Africa
149220881,USA
1209216199,USA
786436129406930944,USA
1313768552374116354,USA
54271167,USA
385347340,Ukraine
949863390263984128,USA
19792963,USA
1373010725531234308,UKraine
1520770905106006016,UKraine
1272938731305971719,USA
2493572165,USA
1512561912,Pakistan
1930081772,USA
934899790386794496,Thailand
1421894945561055235,USA
23020850,South Africa
1163250458242310144,UK
74976267,China
1503602749740490753,USA
1535618821654032384,USA
1467445282187059207,Brazil
892033657,USA
194010918,USA
4897650934,USA
17233163,USA
845397940348710912,UK
107537984,USA
2986003535,Ukraine
1513928084,USA
1508110485845065728,USA
1372641625,Italy
778895864,Canada
1067803490792194049,USA
37779460,Greece
20735597,USA
247124103,Canada
104299137,USA
45096435,Brazil
58628774,USA
849825365199474690,USA
32468665,USA
63687427,USA
18009561,USA
2392035564,Jamaica
2355196619,USA
1440635012,USA
140647400,UK
51547100,USA
3410982292,Mali
60453854,UK
1080608253501997057,Canada
4734633338,USA
1571516993819246593,Germany
1464872771222224904,UK
1583544330299604997,USA
1014751753030569984,UK
853421990350209024,USA
1391984100165046273,Thailand
1309219041102397440,Kenya
15099678,USA
1417842142882435078,USA
307472510,USA
954215337549017088,USA
774040748228485124,Ghana
44324795,USA
350926336,UK
168482605,USA
994068783106019328,Canada
2831226093,UK
1563284492571529217,USA
275665331,South Africa
906612331,South Africa
19191838,USA
1327243603018735617,Chile
164448571,Canada
1146136945346654209,UK
50713155,UK
2210672052,USA
147561402,USA
1364693976578748422,Nigeria
512455658,USA
985152358874218502,UK
2318270108,USA
1482202524149075970,Kenya
1398974657517166599,USA
1052976011975962626,USA
1044630630682816513,Nigeria
405776002,USA
1908383365,Canada
433120880,India
4390331,USA
66338988,USA
1039297826612830209,USA
548562627,Canada
44680219,USA
343990983,USA
414052454,Canada
752577033729871872,UK
14948068,UK
830048982,Canada
95834922,Canada
1394751012590792706,Morocco
4052491047,USA
973087261,USA
1523281617535393792,Canada
1292794305556500488,USA
1104610338,Iran
420900119,UK
15847994,USA
733085131972300800,India
332011436,Haiti
2546002871,UK
4658231920,Argentina
28190020,Argentina
775321488484290560,India
1470964371094339584,USA
27164880,USA
875111535517028357,USA
803322878590586881,Brazil
1127871272090779648,Nigeria
1481485713749286912,USA
334920737,USA
939901806074912770,Pakistan
12848262,Canada
1031560902334664704,USA
1271223433553207296,Ireland
43887789,USA
273248888,USA
1709794771,UK
844878248123117568,UAE
229428955,Nigeria
1118399214,Nigeria
453880154,Nigeria
1117369610,Nigeria
1578431701788893184,Nigeria
1182549516672753664,Nigeria
1873520106,Nigeria
880551935102857217,Nigeria
3294058415,Ghana
707265303512784897,Ghana
3182990685,Ghana
112789674,South Africa
2863794265,India
1217401920450711554,Nigeria
1096817984,Canada
1516607068618166275,Canada
1482909633597505536,Canada
1355326106623213574,USA
2755098826,Portugal
2978233930,Germany
1589370708446089216,USA
3408268205,USA
1059466831260344320,India
1594279050347945984,UK
918480689376518144,Turkey
1519208355822141443,USA
1405113252410015750,Belgium
1114712562,USA
833420755786412034,Romania
1292500579604996096,USA
4122416554,Argentina
3998419396,Argentina
2426931277,Argentina
3226862156,Argentina
114665434,USA
1323363032806772736,USA
720365641216098307,USA
1275123549766856704,USA
336651276,USA
16273131,USA
1590242461426802688,Greece
954411477145980929,USA
91650974,USA
1539592740341747712,USA
1639727750,USA
874538053188059137,USA
536804517,USA
1019296309,USA
722190814286372864,USA
455118725,USA
841728096231395328,Canada
185187473,New Zealand
1233929232432205827,USA
739502431189405697,USA
14338338,USA
43326457,USA
2551330513,USA
260930773,Austalia
404670731,Austalia
1259816940844937217,Austalia
22594747,Austalia
1015426782,UK
864272400,Pakistan
88462663,UK
4615395863,USA
1452758113,USA
15927181,USA
30198595,USA
519146954,USA
1319289352623513603,UK
2850879477,Spain
162866127,UK
1585725524458237952,Austalia
1112715843639656448,Nigeria
760477413176250368,USA
1544386752,USA
1444650182767902724,Canada
485064670,UK
820464967,Belgium
189554997,India
1716610758,India
1208978765826666498,Nigeria
322874617,USA
396773698,Germany
1003736769777553409,Germany
155617683,Germany
1548058612639023104,Turkey
1461204518968823808,Bhutan
1540686967263961088,India
1507411352943734784,India
192732053,UK
3632161,USA
1551682577643307009,USA
1034262957893595137,USA
553458508,UK
3238426689,Nigeria
85612050,USA
9973392,USA
82639651,France
415801010,UK
1019253416,UK
1059345084909568000,Brazil
1416853664661127170,USA
1031499956413067264,UK
16316886,UK
1300674916652470273,Austalia
87259041,UK
467357552,UK
1394032499446140933,Czech Republic
1233477560027230212,Czech Republic
1278053956330180608,USA
276198138,USA
50878547,USA
1348635828889804804,USA
1374763877838163970,Brunei
1337543383800229892,Hungary
612137401,Argentina
1006207993699098624,Argentina
161523735,USA
1346260764999475203,USA
198831061,Zimbabwe
902967413322469377,Bulgaria
540465387,Canada
1249419530444537856,Canada
3364185674,USA
696845336082427904,USA
231206271,USA
68820341,Turkey
16168622,Canada
253180602,Canada
526101087,USA
42777973,USA
897895526720446465,USA
21992362,USA
1486931010,USA
4009266073,USA
30662589,USA
1037991553011204096,USA
1358690008517865473,USA
216089656,USA
57181974,USA
779464550,USA
2305332182,USA
515865307,UK
1568244916224159744,Vietnam
502369381,Canada
270921976,Canada
764451495555244033,Canada
482338494,Canada
1160587963,Canada
1312726427452747777,Australia
95306199,Australia
67626292,USA
202988475,South Africa
1436303713497387008,South Africa
1150778271505760256,South Africa
166385684,Venezuela
3078313054,Ecuador
766540285220298752,UK
1582457482718257153,USA
1321741511420203008,USA
67343155,USA
1239616965859323904,UK
18957880,USA
30312117,USA
1433156690581626887,USA
15971503,USA
297969419,USA
1326337184106950656,USA
87584526,USA
824488792916578304,USA
315436946,USA
745732018013614080,USA
191662582,USA
64769036,USA
613463487,USA
29194471,UK
208700525,UK
985335193,UK
64413577,USA
474973688,UK
79053827,USA
1583595330712621057,USA
1961534329,USA
868304817541742592,USA
2808650785,USA
1355617650345451522,USA
15355274,USA
151465988,USA
1583288825589256195,USA
48900053,USA
702324010118463489,USA
1088507121262620674,USA
496121422,USA
173123888,USA
1005824782829543424,USA
1354475410386341889,USA
897149454817603586,UK
21233136,USA
1411102225326247936,USA
3059105173,USA
47843168,USA
60049728,USA
1252926691,USA
23117492,USA
1586225935350566917,USA
1029940670855827456,USA
1408421143011381257,USA
1446289678471155712,Ireland
888057374795321346,UK
1565156919010119683,USA
269525401,Costa Rica
221114461,Canada
1572309293730304000,UK
885351485785202688,USA
708857250404765698,USA
773593286917365760,Peru
731416927,UK
1483598467670888456,USA
14342200,USA
1131422382047014912,USA
26514883,USA
834928611744440321,USA
1028444777627484166,USA
841657421919617024,USA
897875708869050368,USA
2271066648,USA
23518071,USA
2148064812,USA
1080202560022171651,USA
1214628008,USA
351555541,Bangladesh
177236485,UK
2993788962,UAE
722741909115035648,Ireland
409488227,Ireland
1238886328852533249,Ireland
58874851,Ireland
132275425,Ireland
1100463874678116352,UK
738714132195639296,USA
227931282,USA
146743963,Germany
940705970451288067,UK
1107086654421061632,UK
1498315853481267204,USA
27620289,USA
1484554556910493696,USA
1524485520604213255,UK
1074283326020771840,UK
1543670516069924871,UK
383895257,Nigeria
1543697343580610562,USA
1484089031625482240,El Salvador
2367069331,Kenya
1263454389852704768,Kenya
817013658962325504,USA
1082340050862571522,UK
2320907478,UK
2984280598,UK
3853775741,UK
2724551533,UK
1134907050,UK
1475644289367650304,UK
744868241793781760,UK
317852426,UK
19987249,UK
183551697,UK
1470868585618759684,South Africa
796604419,UK
1400601025,UK
1966184708,UK
1583748283683463170,Canada
1514751653089624065,USA
1135683696370040832,USA
799435974921089024,USA
200092299,USA
3094491626,USA
4592569959,USA
286045555,USA
284662974,Nigeria
1356601718579077123,Nigeria
96117406,Nigeria
1019287244,Nigeria
222289436,Nigeria
395581734,UK
1564691477862785024,USA
1490848657,USA
1219032025769881605,USA
724018040069705729,USA
24190155,USA
419983075,USA
1013570805840666624,USA
1430555600098926592,USA
504725987,USA
714417446715654144,USA
1535645434072510466,USA
1485790057420271617,USA
1586084792986210305,USA
1161142582690213888,USA
829524913107066880,USA
58541926,USA
917843257987665920,USA
304948011,USA
1266120752253804544,USA
887707490,France
21795443,USA
1587872391212015617,USA
251056368,USA
1371286722047209472,USA
1571708607879684097,USA
245203793,USA
2196775588,USA
33622656,USA
1412776024962654208,UK
1033148036120305665,Norway
185377172,USA
988846608614920192,USA
1247553100598173697,USA
455118561,USA
45106947,USA
1550548664208470016,Germany
826105154139254784,Germany
1000818739984650243,Germany
171258215,UK
18651120,UK
780569790515585025,Sweden
1542844749131829249,USA
883861315,USA
956188420455436289,USA
73656500,UK
1430190893479469058,Greece
1586195391652933633,Greece
1305705838158532608,USA
1250259428701548544,USA
342515741,USA
1282320630797471745,USA
1488256602444546061,UK
2547762242,France
339308159,UK
1007618375516815360,USA
1211400095649808384,Germany
22999012,Canada
1371652329469001728,Canada
1430677036536827912,Canada
937230148201574400,Canada
279310913,USA
1331032772429946885,USA
492022692,China
1575290366709964801,USA
1353085512576245761,Cuba
448285977,USA
845484648,USA
4008948664,USA
1143553243307548672,UK
1582832931835637760,UK
1570669579214671873,The Netherlands
2929465251,USA
34782531,China
910659767428726784,USA
1081765278,USA
917523055601168384,USA
1545255271663996928,USA
20597234,USA
18634644,USA
709120568881192961,USA
134340234,India
15018425,Pakistan
2149223948,India
1590160007382827008,Nigeria
1596961992211927043,USA
834474696460558336,India
355989081,India
1011690982344032256,India
104583131,India
1119179123576827904,India
1419421881896214535,India
3642171447,USA
119613547,USA
1078176518780596224,USA
1315267191114088448,USA
744368337732272128,Indonesia
1586054799954518017,USA
947956197310603264,Iran
1591971871448334336,USA
303495844,Pakistan
943115069558329345,Pakistan
1596962089955954691,Iran
894253900492136453,UK
2502519117,Turkey
1157909196777676800,Turkey
887252817198624768,Turkey
1077455690522902528,Turkey
1217970494747508736,Turkey
2357187444,Canada
464068170,Canada
2503035837,Jamaica
739143990499364864,Jamaica
1582679591449030658,Jamaica
2320034306,Japan
300021496,USA
313938146,USA
754409255374127104,Israel
1463715376517332992,Nigeria
371075039,South Africa
136332919,Nigeria
1483400361318793218,Nigeria
1287057413753929734,Nigeria
1278930481606770688,Kenya
2808105549,Nigeria
1189837278505578496,Greece
1165719800980615173,Uganda
1481358156156608512,Uganda
458216319,Nigeria
55222766,Nigeria
151500509,USA
1405577837285871629,USA
1586017487077998592,USA
48033200,USA
1200942270704427011,Germany
1451669321218990080,Pakistan
1293956527309697026,Pakistan
1384857673523412995,Pakistan
4866330561,Pakistan
1462795398,Pakistan
885093337,Pakistan
1162625238,Pakistan
993454242,Pakistan
1351483930667601922,Pakistan
15035209,Ghana
609289528,USA
1276635852463058945,Canada
937756066221379585,South Africa
2605958124,UK
1545024715630288896,UK
1461412110433406986,UK
1407482015650361344,USA
277997449,USA
287594979,Kenya
814770191930458112,Kenya
2603541862,Kenya
1329127115317456897,Ireland
3170426002,USA
1370702028125650945,South Africa
797171522402140161,Ireland
1442783542212059142,USA
753238093579165700,New Zealand
2710379976,USA
1578196533971148801,USA
3151598514,India
1419239941704359940,India
265079836,India
1246109849345294336,Sweden
1307407841242877952,Ghana
18840896,Kuwait
759994712384217088,USA
2224934922,Nigeria
3748292295,Nigeria
1538284490304409600,Nigeria
439927467,Nigeria
765315176,Nigeria
1481776266751758336,Nigeria
1228667284664848391,Nigeria
2786326915,Nigeria
68655235,Nigeria
1440601338224594946,Nigeria
1226936266731728903,Nigeria
1577898933870886914,Nigeria
1230923775786573824,Nigeria
1363916805794856964,Nigeria
1570833157892571137,Nigeria
1168915182581686278,Nigeria
294514865,Nigeria
826224919,Nigeria
1596230824222932994,Nigeria
1259809114873647104,Nigeria
1000595859178835968,Pakistan
1593789146367131649,USA
1426712461,USA
15445237,USA
336635626,UK
5864232,UK
614817844,USA
1413221208603168773,USA
1131960602560274433,USA
825795703351894017,Pakistan
2565644791,USA
1484708410574589954,USA
1228764977932177409,USA
377776924,USA
1113693029347540992,Nigeria
1563182892955578370,Latvia
113380026,USA
4327577173,USA
1400593278509146115,Canada
2771164420,Peru
3339909250,USA
44583239,UK
31396223,UK
1270648260277960704,Canada
29447428,Canada
1087563633284894720,UK
936638847991115781,UK
808557457,UK
1587467928886190081,UK
1140763441138978821,UK
2823365823,UK
183862495,UK
2218432902,UK
401443455,Canada
1628206670,UK
70658199,UK
549533741,UK
1165572223,UK
21285205,UK
1131317989,UK
1936853149,UK
1386120198802092032,UK
164593620,UK
750380394256539649,USA
1312401872,USA
1065856542191173632,USA
748341276043579394,USA
1076562283407593473,USA
1037154687454142464,USA
1546424308121145344,USA
20333606,USA
22560367,USA
1393462575539519490,USA
294371597,USA
268739173,USA
1213496811454779392,USA
979399941469728768,Belgium
2786134888,Germany
296367776,USA
2672717805,Luxembourg
1027636374692917254,USA
506065984,Spain
821650201,Spain
1496118616705671172,Spain
1252904829191675905,Spain
1247809673069121541,UK
1596961726100115456,Uganda
104490861,Malaysia
1018242338278256640,Maldives
1326862794,UK
1101485903518859264,UK
459578223,UK
1313516442155913217,Pakistan
857023663,USA
49708595,USA
333804597,France
1512914695484854273,USA
715645409759207424,USA
3288349349,USA
1283613212647329792,USA
3378739617,USA
1376528816408039427,USA
10451462,USA
1191855827667128320,Pakistan
1103569408893415425,Austalia
762479876431425540,Austalia
3275065968,Austalia
16871799,USA
518860835,USA
9.59827E+17,USA
61658565,Mexico
208375283,Mexico
120769030,USA
596016620,USA
182929371,USA
62691445,USA
18361825,USA
948972248437870593,USA
2833087014,USA
1283174348141088768,USA
1091462350971064322,USA
1447327965566717959,USA
15038486,USA
3092855416,USA
1104758124,USA
1177291960874405889,South Africa
1398768914,USA
1047487504104996866,USA
1087473213192450049,USA
4282369753,USA
1245069918,USA
907139600,USA
191044973,USA
1587518239072043008,USA
1942775803,USA
855464453059612674,USA
1593342974196342787,USA
108033897,USA
800457783220924416,Kenya
1431511671181303809,USA
876051486467293189,USA
560459880,USA
245838339,Canada
36067096,Canada
1689236964,Canada
1205894557,Canada
1185245214635675649,UK
879711683962437636,USA
768664173744103424,Russia
4074998777,South Africa
701432497,Pakistan
1529492301776830464,Pakistan
1391765435671064576,India
1586054974085206020,India
1541431159258750977,India
1416328357,USA
1501231696854794254,South Africa
938929297,Japan
342617934,UK
1405884552803987457,Kenya
890863857203384320,Kenya
1405904535042904068,Kenya
1516312445089980420,France
2777172341,France
18734321,Kenya
1301371088195276800,Nigeria
414540699,USA
1467553255043522563,USA
838006664,USA
39755514,Pakistan
1670989826,Canada
1351200728430350343,USA
82684359,USA
2889601750,India
80578355,India
1254252920364773376,USA
1176006556346925056,USA
805306498968670208,USA
105910684,USA
972645219995922433,USA
4736018418,USA
35692915,USA
881708118903726080,USA
364636495,Canada
205368519,Austalia
53622291,Austalia
2842118875,Canada
52272942,USA
186582233,USA
50706690,USA
114599599,USA
1060573081935249409,USA
20681628,USA
1024604431,USA
97470066,USA
1292829245840990211,USA
1314726791207059457,USA
20791002,USA
717031075,USA
1516598394449543170,USA
1583120985829642246,USA
1020832553736048640,USA
1285518231906787328,USA
2905863387,USA
1526888839687483393,USA
36856173,USA
2201720923,New Zealand
2218505628,New Zealand
1547178544102621185,New Zealand
843530537042087936,Austalia
1591745346727825409,Nigeria
838675091760287744,Nigeria
1031623485242699776,Nigeria
3161045149,Nigeria
1207857696,Nigeria
875294427601928192,Nigeria
987299875313405954,Nigeria
872923898492399617,Nigeria
1281525153940361216,Nigeria
975850201780023297,Nigeria
897173793545883648,Nigeria
1362548856995667971,Nigeria
1260555995853586432,Nigeria
1133881834322968576,Nigeria
107360105,Nigeria
2422451808,France
97375251,Norway
865672527569354753,USA
790141513,Canada
904180764920741888,USA
909189696814813184,USA
1580545366373580802,USA
1218180579373481984,USA
1139296858801680386,UK
1559571085041238016,UK
1909477267,UK
70289960,Signapore
2364766740,USA
20075759,USA
1030067352682070017,USA
348312090,USA
1577078589564096517,Ireland
2234901265,USA
1449796374363574277,Norway
1180313568358461443,USA
1160686704942039042,USA
18367959,Austalia
443972506,USA
771198799670751232,USA
31062679,USA
30590930,USA
1583116574948466688,USA
1109946008673251328,USA
1120417620325482498,USA
890290830082277379,USA
1016357270807089152,Germany
1143193731660681216,USA
1113904650107932673,USA
1276520088858955777,USA
106883083,USA
1549559422900490241,USA
1516103939300732936,USA
1436825916722880516,USA
1574061542148132872,USA
78939096,USA
1401660389662859271,USA
122810303,USA
1067418291638083584,UK
1419073723840311302,USA
1282033603891941377,Canada
107549814,Canada
1314660206597595140,Canada
977993981354225664,Canada
1528776610018512896,Canada
17449331,Canada
900758321216585729,USA
1431987990704889858,USA
47017587,USA
1579568959573135377,USA
1102896475481300992,USA
337355234,Austria
845701356,UK
2322615734,Canada
738130621071925248,Canada
1444866509902426112,Canada
506230666,New Zealand
850087650857844736,USA
75730979,USA
1437103205909995527,USA
100167614,USA
871072594593800192,Pakistan
950214957190209537,Pakistan
934860376046473216,Pakistan
1496493167390113794,USA
1370857166677151745,Panama
1505901446,France
1566413088731140097,France
1338510628147912709,France
1587481739416453121,France
2632441534,USA
1093983194955870210,USA
108975367,USA
604586168,USA
1139717077864988672,USA
826142894805381120,USA
589289053,USA
260571026,USA
2789879229,Pakistan
285246000,USA
13891402,USA
1176908709030760449,USA
2260675556,USA
1405763703711027202,USA
2852387624,USA
1244259953336033280,Philippines
1306214251263127552,South Africa
363470669,Czech Republic
300454955,India
1414284724961435652,USA
424753040,UK
1267461047293751303,Poland
1590140964420849666,USA
3044186809,USA
55093719,USA
1409230360945127424,USA
1583471941406498817,USA
1549176259229499395,USA
36128870,Iceland
1000013469368946691,UK
103383073,UK
137816509,Portugal
1494118610515681283,Portugal
1512093721818509314,UK
16521206,USA
1307937517711228929,USA
1310985385875566597,USA
2343862278,USA
1472071062443761666,Canada
1443478031989977089,USA
164429747,Mexico
1505785639710576648,Pakistan
992071788237590530,Chile
211608076,USA
1345801876692819968,USA
1133633795687632896,UK
44103022,USA
851924602775375873,South Africa
1381212938371928072,UK
1470518100,USA
1452359254749421569,South Korea
14178062,USA
1411271485675782148,Slovenia
488282592,USA
847869575677050881,USA
3434359527,USA
2560732672,Brazil
121823371,USA
234750797,USA
158802626,USA
1499151969700790276,The Netherlands
967337414904688642,USA
635271421,Argentina
4013970386,Germany
1469632044863045632,UK
612397643,USA
150466730,Pakistan
67467684,USA
1138885168150790153,USA
1116524902725582853,USA
1397605417824309249,USA
26635386,Brazil
25964286,India
18247597,USA
2214547088,USA
18178388,USA
1306643166,USA
1402652236178624513,USA
1113000662,USA
836066127419604992,USA
900407226011049984,USA
801971390395973632,USA
977619834,USA
149283816,USA
963289830,USA
1005811489733857285,USA
45596436,USA
1296644845000302592,USA
1567651993262620673,USA
1127374814,USA
1522236198013616131,USA
780575661081505792,Peru
627524667,Brazil
2241393780,Brazil
337971443,Canada
99479393,UK
1235999811188535296,UK
1161241483388866560,UK
778266046125965313,UK
771368542281142273,UK
6424562,UK
28100249,USA
2985030608,USA
2546596742,USA
1613712481,USA
18445181,USA
1616413154,USA
44837849,USA
2902144136,USA
1467572088496013314,USA
1105954613855948808,USA
1556891779416432641,USA
46935565,Turkey
251815423,South Korea
154188269,USA
1524750786638409731,Spain
3537694516,Spain
953898624605474817,China
38492601,The Netherlands
2942589788,Mexico
1584492977694691333,UK
1595168652147494929,India
3088724457,Pakistan
1042240161617256448,Pakistan
771571580417695744,Sovakia
1542160402666164226,Canada
1110162017917243392,USA
1673844451,USA
414898511,UK
1552715085059178497,UK
2534398695,USA
36073634,USA
47050295,South Africa
597705626,South Africa
635653676,Denmark
2462802087,Ireland
30365182,UK
1184432823584858113,UK
1115908324552335361,USA
551153971,South Korea
735892470,UK
23922042,UK
1573907765587808258,USA
1586554752325877761,USA
12371172,USA
224073436,USA
809909413,USA
1020078110660878337,Spain
714485038591696896,USA
1041598632,USA
1216158144029585411,USA
2369715174,South Africa
22960629,USA
1167932707881541632,USA
1028600358459899904,USA
36411664,USA
37489774,Canada
304823007,Canada
835149095593361408,UK
50784667,USA
50626629,India
1203360196443148288,Canada
379977569,Sweden
711162535,USA
1571949318000574464,Sweden
2211464678,Sweden
1506017038300557317,Sweden
1497825889329229824,Switzerland
893437019472379909,Switzerland
107169642,Austalia
1178686607626575873,Australia
1481051503632822272,USA
1402944160991154185,USA
846832581790371840,USA
1521942318068215809,USA
1387514747738857472,USA
945380469188759552,USA
14918577,Iran
905530344,Ghana
4181080761,UK
282312233,USA
3858390852,USA
1024508293,USA
1352248772504543234,USA
4778411172,USA
3272146002,USA
779109751384788993,USA
1574079843821649927,USA
324154838,USA
1518980128889610241,USA
53119816,USA
223615407,USA
464202793,USA
775115559696408576,USA
1583809873313046528,USA
1578600175161180162,USA
1198622870966018054,Thailand
297742844,Thailand
122476840,Thailand
84956872,Canada
1056595824027721733,USA
702319204679024642,USA
1510398232274386950,USA
1440726853300342786,Australia
1588609358438359041,USA
1039173071318462466,USA
1535438798405808129,USA
1590314768677617666,Mexico
1556579346525179904,USA
147463326,Ethiopia
1736108306,Ethiopia
828025466887905280,Ethiopia
478138750,Japan
1375138120665067530,USA
2832311922,USA
33620070,Canada
351013017,Canada
290122927,Canada
205845020,Canada
1519865287205695493,Canada
1554129996385587200,Canada
1358189717771014144,Canada
138662605,USA
1523299191082131457,USA
900681875718647808,USA
1255152542532562948,USA
837330509353136128,Turkey
1449827242943684613,Turkey
1595789386888744962,USA
606144772,Italy
472898734,Uganda
2971148061,Uganda
1293496585964400640,UK
1461408454514548744,UK
250781787,UK
1426601164703997956,UK
797806917590614016,UK
54498400,South Africa
2447664324,USA
381440196,UK
1521794283510149121,UK
2582681095,UK
1417209202636959746,UK
1561288285460123648,UK
1496344400649236483,UK
2880621087,UK
727660305023680512,USA
34817173,USA
185289508,USA
386688159,USA
15150549,USA
1585903348540219392,USA
355898383,USA
110256969,USA
497200393,USA
851298991614693376,USA
1247427307,USA
1129532332380082176,USA
767558981208334336,USA
3246195624,USA
878454038173335552,USA
1009968292621176832,USA
431020598,USA
1212573770059091969,USA
706297852268515329,USA
604053363,USA
1298051569171050496,USA
98907814,USA
112225417,USA
1527343415691603968,USA
1587094661843550209,USA
1543356473966731266,USA
1418606902573940750,USA
1587956661054050305,USA
2769337557,USA
1224863882868678656,USA
1580638498868322305,USA
20646382,USA
857370869609504768,USA
1553980367991754752,USA
1577766661586882580,USA
357232722,USA
1417320922109947915,USA
833150701211623424,USA
369957860,USA
21941227,USA
1121081233,USA
272476744,India
3339174444,Canada
4805682378,Canada
1280676458868830209,Canada
1482972462,Canada
26144406,USA
389716925,Australia
840540316407017476,Lithuania
2724754114,USA
47133990,USA
1515666962025693186,USA
4668238213,USA
1183157737376534528,USA
1027114311842504704,USA
2710802621,India
745681800400297987,USA
4906021990,UK
815236992174882816,UK
74174369,USA
50427352,USA
1165734957802672128,UK
16545084,USA
16224305,USA
822926139693953024,USA
47207737,USA
422850113,USA
2984410546,USA
864678243626102784,New Zealand
1447107326515814404,USA
1274533719106301952,USA
2285500598,UK
4089296830,UK
963190169074466816,Philippines
1593781778505932800,USA
929018626526662657,USA
884402040201498626,USA
789397585,Canada
88923703,UK
756656040834428928,UK
1596843666705874955,USA
69634730,Ireland
1240795740,USA
1538931375759364098,Namibia
514778091,Canaa
3010974344,Canada
364309971,UK
892779626640150530,USA
1246195619334676481,Australia
3392221066,USA
470444114,UK
2942683306,Ethiopia
,UK
,UK
,Greece