user_id,Country
22594747,Austalia
1015426782,UK
864272400,Pakistan
88462663,UK
4615395863,USA
1452758113,USA
15927181,USA
30198595,USA
519146954,USA
1319289352623513603,UK
2850879477,Spain
162866127,UK
1585725524458237952,Austalia
1112715843639656448,Nigeria
760477413176250368,USA
1544386752,USA
1444650182767902724,Canada
485064670,UK
820464967,Belgium
189554997,India
1716610758,India
1208978765826666498,Nigeria
322874617,USA
396773698,Germany
1003736769777553409,Germany
155617683,Germany
1548058612639023104,Turkey
1461204518968823808,Bhutan
1540686967263961088,India
1507411352943734784,India
192732053,UK
3632161,USA
1551682577643307009,USA
1034262957893595137,USA
553458508,UK
3238426689,Nigeria
85612050,USA
9973392,USA
82639651,France
415801010,UK
1019253416,UK
1059345084909568000,Brazil
1416853664661127170,USA
1031499956413067264,UK
16316886,UK
1300674916652470273,Austalia
87259041,UK
467357552,UK
1394032499446140933,Czech Republic
1233477560027230212,Czech Republic
1278053956330180608,USA
276198138,USA
50878547,USA
1348635828889804804,USA
1374763877838163970,Brunei
1337543383800229892,Hungary
612137401,Argentina
1006207993699098624,Argentina
161523735,USA
1346260764999475203,USA
198831061,Zimbabwe
902967413322469377,Bulgaria
540465387,Canada
1249419530444537856,Canada
3364185674,USA
696845336082427904,USA
231206271,USA
68820341,Turkey
16168622,Canada
253180602,Canada
526101087,USA
42777973,USA
897895526720446465,USA
21992362,USA
1486931010,USA
4009266073,USA
30662589,USA
1037991553011204096,USA
1358690008517865473,USA
216089656,USA
57181974,USA
779464550,USA
2305332182,USA
515865307,UK
1568244916224159744,Vietnam
502369381,Canada
270921976,Canada
764451495555244033,Canada
482338494,Canada
1160587963,Canada
1312726427452747777,Australia
95306199,Australia
67626292,USA
202988475,South Africa
1436303713497387008,South Africa
1150778271505760256,South Africa
166385684,Venezuela
3078313054,Ecuador
766540285220298752,UK
1582457482718257153,USA
1321741511420203008,USA
67343155,USA
1239616965859323904,UK
18957880,USA
30312117,USA
1433156690581626887,USA
15971503,USA
297969419,USA
1326337184106950656,USA
87584526,USA
824488792916578304,USA
315436946,USA
745732018013614080,USA
191662582,USA
64769036,USA
613463487,USA
29194471,UK
208700525,UK
985335193,UK
64413577,USA
474973688,UK
79053827,USA
1583595330712621057,USA
1961534329,USA
868304817541742592,USA
2808650785,USA
1355617650345451522,USA
15355274,USA
151465988,USA
1583288825589256195,USA
48900053,USA
702324010118463489,USA
1088507121262620674,USA
496121422,USA
173123888,USA
1005824782829543424,USA
1354475410386341889,USA
897149454817603586,UK
21233136,USA
1411102225326247936,USA
3059105173,USA
47843168,USA
60049728,USA
1252926691,USA
23117492,USA
1586225935350566917,USA
1029940670855827456,USA
1408421143011381257,USA
1446289678471155712,Ireland
888057374795321346,UK
1565156919010119683,USA
269525401,Costa Rica
221114461,Canada
1572309293730304000,UK
885351485785202688,USA
708857250404765698,USA
773593286917365760,Peru
731416927,UK
1483598467670888456,USA
14342200,USA
1131422382047014912,USA
26514883,USA
834928611744440321,USA
1028444777627484166,USA
841657421919617024,USA
897875708869050368,USA
2271066648,USA
23518071,USA
2148064812,USA
1080202560022171651,USA
1214628008,USA
351555541,Bangladesh
177236485,UK
2993788962,UAE
722741909115035648,Ireland
409488227,Ireland
1238886328852533249,Ireland
58874851,Ireland
132275425,Ireland
1100463874678116352,UK
738714132195639296,USA
227931282,USA
146743963,Germany
940705970451288067,UK
940705970451288067,UK
1107086654421061632,USA
1498315853481267204,USA
27620289,USA
1484554556910493696,UK
1524485520604213255,UK
1074283326020771840,UK
1543670516069924871,Nigeria
383895257,USA
1543697343580610562,El Salvador
1484089031625482240,Kenya
2367069331,Kenya
1263454389852704768,USA
817013658962325504,UK
1082340050862571522,UK
2320907478,UK
2984280598,UK
3853775741,UK
2724551533,UK
1134907050,UK
1475644289367650304,UK
744868241793781760,UK
317852426,UK
19987249,UK
183551697,South Africa
1470868585618759684,UK
796604419,UK
1400601025,UK
1966184708,Canada
1583748283683463170,USA
1514751653089624065,USA
1135683696370040832,USA
799435974921089024,USA
200092299,USA
3094491626,USA
4592569959,USA
286045555,Nigeria
284662974,Nigeria
1356601718579077123,Nigeria
96117406,Nigeria
1019287244,Nigeria
222289436,UK
395581734,USA
1564691477862785024,USA
1490848657,USA
1219032025769881605,USA
724018040069705729,USA
24190155,USA
419983075,USA
1013570805840666624,USA
1430555600098926592,USA
504725987,USA
714417446715654144,USA
1535645434072510466,USA
1485790057420271617,USA
1586084792986210305,USA
1161142582690213888,USA
829524913107066880,USA
58541926,USA
917843257987665920,USA
304948011,USA
1266120752253804544,France
887707490,USA
21795443,USA
1587872391212015617,USA
251056368,USA
1371286722047209472,USA
1571708607879684097,USA
245203793,USA
2196775588,USA
33622656,UK
1412776024962654208,Norway
1033148036120305665,USA
185377172,USA
988846608614920192,USA
1247553100598173697,USA
455118561,USA
45106947,Germany
1550548664208470016,Germany
826105154139254784,Germany
1000818739984650243,UK
171258215,UK
18651120,Sweden
780569790515585025,USA
1542844749131829249,USA
883861315,USA
956188420455436289,UK
73656500,Greece
1430190893479469058,Greece
1586195391652933633,USA
1305705838158532608,USA
1250259428701548544,USA
342515741,USA
1282320630797471745,UK
1488256602444546061,France
2547762242,UK
339308159,USA
1007618375516815360,Germany
1211400095649808384,Canada
22999012,Canada
1371652329469001728,Canada
1430677036536827912,Canada
937230148201574400,USA
279310913,USA
1331032772429946885,China
492022692,USA
1575290366709964801,Cuba
1353085512576245761,USA
448285977,USA
845484648,USA
4008948664,UK
1143553243307548672,UK
1582832931835637760,The Netherlands
1570669579214671873,USA
2929465251,China
34782531,USA
910659767428726784,USA
1081765278,USA
917523055601168384,USA
1545255271663996928,USA
20597234,USA
18634644,USA
709120568881192961,India
134340234,Pakistan
15018425,India
2149223948,Nigeria
1590160007382827008,USA
1596961992211927043,India
834474696460558336,India
355989081,India
1011690982344032256,India
104583131,India
1119179123576827904,India
1419421881896214535,USA
3642171447,USA
119613547,USA
1078176518780596224,USA
1315267191114088448,Indonesia
744368337732272128,USA
1586054799954518017,Iran
947956197310603264,USA
1591971871448334336,Pakistan
303495844,Pakistan
943115069558329345,Iran
1596962089955954691,UK
894253900492136453,Turkey
2502519117,Turkey
1157909196777676800,Turkey
887252817198624768,Turkey
1077455690522902528,Turkey
1217970494747508736,Canada
2357187444,Canada
464068170,Jamaica
2503035837,Jamaica
739143990499364864,Jamaica
1582679591449030658,Japan
2320034306,USA
300021496,USA
313938146,Israel
754409255374127104,Nigeria
1463715376517332992,South Africa
371075039,Nigeria
136332919,Nigeria
1483400361318793218,Nigeria
1287057413753929734,Kenya
1278930481606770688,Nigeria
2808105549,Greece
1189837278505578496,Uganda
1165719800980615173,Uganda
1481358156156608512,Nigeria
458216319,Nigeria
55222766,USA
151500509,USA
1405577837285871629,USA
1586017487077998592,USA
48033200,Germany
1200942270704427011,Pakistan
1451669321218990080,Pakistan
1293956527309697026,Pakistan
1384857673523412995,Pakistan
4866330561,Pakistan
1462795398,Pakistan
885093337,Pakistan
1162625238,Pakistan
993454242,Pakistan
1351483930667601922,Ghana
15035209,USA
609289528,Canada
1276635852463058945,South Africa
937756066221379585,UK
2605958124,UK
1545024715630288896,UK
1461412110433406986,USA
1407482015650361344,USA
277997449,Kenya
287594979,Kenya
814770191930458112,Kenya
2603541862,Ireland
1329127115317456897,USA
3170426002,South Africa
1370702028125650945,Ireland
797171522402140161,USA
1442783542212059142,New Zealand
753238093579165700,USA
2710379976,USA
1578196533971148801,India
3151598514,India
1419239941704359940,India
265079836,Sweden
1246109849345294336,Ghana
1307407841242877952,Kuwait
18840896,USA
759994712384217088,Nigeria
2224934922,Nigeria
3748292295,Nigeria
1538284490304409600,Nigeria
439927467,Nigeria
765315176,Nigeria
1481776266751758336,Nigeria
1228667284664848391,Nigeria
2786326915,Nigeria
68655235,Nigeria
1440601338224594946,Nigeria
1226936266731728903,Nigeria
1577898933870886914,Nigeria
1230923775786573824,Nigeria
1363916805794856964,Nigeria
1570833157892571137,Nigeria
1168915182581686278,Nigeria
294514865,Nigeria
826224919,Nigeria
1596230824222932994,Nigeria
1259809114873647104,Pakistan
1000595859178835968,USA
1593789146367131649,USA
1426712461,USA
15445237,UK
336635626,UK
5864232,USA
614817844,USA
1413221208603168773,USA
1131960602560274433,Pakistan
825795703351894017,USA
2565644791,USA
1484708410574589954,USA
1228764977932177409,USA
377776924,Nigeria
1113693029347540992,Latvia
1563182892955578370,USA
113380026,USA
4327577173,Canada
1400593278509146115,Peru
2771164420,USA
3339909250,UK
44583239,UK
31396223,Canada
1270648260277960704,Canada
29447428,UK
1087563633284894720,UK
936638847991115781,UK
808557457,UK
1587467928886190081,UK
1587467928886190081,UK
1140763441138978821,UK
2823365823,UK
183862495,Canada
2218432902,UK
401443455,UK
1628206670,UK
70658199,UK
549533741,UK
1165572223,UK
21285205,UK
1131317989,UK
1936853149,UK
1386120198802092032,USA
164593620,USA
750380394256539649,USA
1312401872,USA
1065856542191173632,USA
748341276043579394,USA
1076562283407593473,USA
1037154687454142464,USA
1546424308121145344,USA
20333606,USA
22560367,USA
1393462575539519490,USA
294371597,USA
268739173,Belgium
1213496811454779392,Germany
979399941469728768,USA
2786134888,Luxembourg
296367776,USA
2672717805,Spain
1027636374692917254,Spain
506065984,Spain
821650201,Spain
1496118616705671172,UK
1252904829191675905,Uganda
1247809673069121541,Malaysia
1596961726100115456,Maldives
104490861,UK
1018242338278256640,UK
1326862794,UK
1101485903518859264,Pakistan
459578223,USA
1313516442155913217,USA
857023663,France
49708595,USA
333804597,USA
1512914695484854273,USA
715645409759207424,USA
3288349349,USA
1283613212647329792,USA
3378739617,USA
1376528816408039427,Pakistan
10451462,Austalia
1191855827667128320,Austalia
1103569408893415425,Austalia
762479876431425540,USA
3275065968,USA
16871799,USA
518860835,Mexico
9.59827E+17,Mexico
61658565,USA
208375283,USA
120769030,USA
596016620,USA
182929371,USA
62691445,USA
18361825,USA
948972248437870593,USA
2833087014,USA
1283174348141088768,USA
1091462350971064322,USA
1447327965566717959,USA
15038486,USA
3092855416,South Africa
1104758124,USA
1177291960874405889,USA
1398768914,USA
1047487504104996866,USA
1087473213192450049,USA
4282369753,USA
1245069918,USA
907139600,USA
191044973,USA
1587518239072043008,USA
1942775803,USA
855464453059612674,USA
1593342974196342787,Kenya
108033897,USA
800457783220924416,USA
1431511671181303809,USA
876051486467293189,Canada
560459880,Canada
245838339,Canada
36067096,Canada
1689236964,UK
1205894557,USA
1185245214635675649,Russia
879711683962437636,South Africa
768664173744103424,Pakistan
4074998777,Pakistan
701432497,India
1529492301776830464,India
1391765435671064576,India
1586054974085206020,USA
1541431159258750977,South Africa
1416328357,Japan
1501231696854794254,UK
938929297,Kenya
342617934,Kenya
1405884552803987457,Kenya
890863857203384320,France
1405904535042904068,France
1516312445089980420,Kenya
2777172341,Nigeria
18734321,USA
1301371088195276800,USA
414540699,USA
1467553255043522563,Pakistan
838006664,Canada
39755514,USA
1670989826,USA
1351200728430350343,India
82684359,India
2889601750,USA
80578355,USA
1254252920364773376,USA
1176006556346925056,USA
805306498968670208,USA
105910684,USA
972645219995922433,USA
4736018418,USA
35692915,Canada
881708118903726080,Austalia
364636495,Austalia
205368519,Canada
53622291,USA
2842118875,USA
52272942,USA
186582233,USA
50706690,USA
114599599,USA
1060573081935249409,USA
20681628,USA
1024604431,USA
97470066,USA
1292829245840990211,USA
1314726791207059457,USA
20791002,USA
717031075,USA
1516598394449543170,USA
1583120985829642246,USA
1020832553736048640,USA
1285518231906787328,USA
2905863387,USA
1526888839687483393,New Zealand
36856173,New Zealand
2201720923,New Zealand
2218505628,Austalia
1547178544102621185,Nigeria
843530537042087936,Nigeria
1591745346727825409,Nigeria
838675091760287744,Nigeria
1031623485242699776,Nigeria
3161045149,Nigeria
1207857696,Nigeria
875294427601928192,Nigeria
987299875313405954,Nigeria
872923898492399617,Nigeria
1281525153940361216,Nigeria
975850201780023297,Nigeria
897173793545883648,Nigeria
1362548856995667971,Nigeria
1260555995853586432,Nigeria
1133881834322968576,France
107360105,Norway
2422451808,USA
97375251,Canada
865672527569354753,USA
790141513,USA
904180764920741888,USA
909189696814813184,USA
1580545366373580802,UK
1218180579373481984,UK
1139296858801680386,UK
1559571085041238016,Signapore
1909477267,USA
70289960,USA
2364766740,USA
20075759,USA
1030067352682070017,Ireland
348312090,USA
1577078589564096517,Norway
2234901265,USA
1449796374363574277,USA
1180313568358461443,Austalia
1160686704942039042,USA
18367959,USA
443972506,USA
771198799670751232,USA
31062679,USA
30590930,USA
1583116574948466688,USA
1109946008673251328,USA
1120417620325482498,Germany
890290830082277379,USA
1016357270807089152,USA
1143193731660681216,USA
1113904650107932673,USA
1276520088858955777,USA
106883083,USA
1549559422900490241,USA
1516103939300732936,USA
1436825916722880516,USA
1574061542148132872,USA
78939096,USA
1401660389662859271,UK
122810303,USA
1067418291638083584,Canada
1419073723840311302,Canada
1282033603891941377,Canada
107549814,Canada
1314660206597595140,Canada
977993981354225664,Canada
1528776610018512896,USA
17449331,USA
900758321216585729,USA
1431987990704889858,USA
47017587,USA
1579568959573135377,Austria
1102896475481300992,UK
337355234,Canada
845701356,Canada
2322615734,Canada
738130621071925248,New Zealand
1444866509902426112,USA
506230666,USA
850087650857844736,USA
75730979,USA
1437103205909995527,Pakistan
100167614,Pakistan
871072594593800192,Pakistan
950214957190209537,USA
934860376046473216,Panama
1496493167390113794,France
1370857166677151745,France
1505901446,France
1566413088731140097,France
1338510628147912709,USA
1587481739416453121,USA
2632441534,USA
1093983194955870210,USA
108975367,USA
604586168,USA
1139717077864988672,USA
826142894805381120,USA
589289053,Pakistan
260571026,USA
2789879229,USA
285246000,USA
13891402,USA
1176908709030760449,USA
2260675556,USA
1405763703711027202,Philippines
2852387624,South Africa
1244259953336033280,Czech Republic
1306214251263127552,India
363470669,USA
300454955,UK
1414284724961435652,Poland
424753040,USA
1267461047293751303,USA
1590140964420849666,USA
3044186809,USA
55093719,USA
1409230360945127424,USA
1583471941406498817,Iceland
1549176259229499395,UK
36128870,UK
1000013469368946691,Portugal
103383073,Portugal
137816509,UK
1494118610515681283,USA
1512093721818509314,USA
16521206,USA
1307937517711228929,USA
1310985385875566597,Canada
2343862278,USA
1472071062443761666,Mexico
1443478031989977089,Pakistan
164429747,Chile
1505785639710576648,USA
992071788237590530,USA
211608076,UK
1345801876692819968,USA
1133633795687632896,South Africa
44103022,UK
851924602775375873,USA
1381212938371928072,South Korea
1470518100,USA
1452359254749421569,Slovenia
14178062,USA
1411271485675782148,USA
488282592,USA
847869575677050881,Brazil
3434359527,USA
2560732672,USA
121823371,USA
234750797,The Netherlands
158802626,USA
1499151969700790276,Argentina
967337414904688642,Germany
635271421,UK
4013970386,USA
1469632044863045632,Pakistan
612397643,USA
150466730,USA
67467684,USA
1138885168150790153,USA
1116524902725582853,Brazil
1397605417824309249,India
26635386,USA
25964286,USA
18247597,USA
2214547088,USA
18178388,USA
1306643166,USA
1402652236178624513,USA
1113000662,USA
836066127419604992,USA
900407226011049984,USA
801971390395973632,USA
977619834,USA
149283816,USA
963289830,USA
1005811489733857285,USA
45596436,USA
1296644845000302592,USA
1567651993262620673,USA
1127374814,Peru
1522236198013616131,Brazil
780575661081505792,Brazil
627524667,Canada
2241393780,UK
337971443,UK
99479393,UK
1235999811188535296,UK
1161241483388866560,UK
778266046125965313,UK
771368542281142273,USA
6424562,USA
28100249,USA
2985030608,USA
2546596742,USA
1613712481,USA
18445181,USA
1616413154,USA
44837849,USA
2902144136,USA
1467572088496013314,USA
1105954613855948808,Turkey
1556891779416432641,South Korea
46935565,USA
251815423,Spain
154188269,Spain
1524750786638409731,China
3537694516,The Netherlands
953898624605474817,Mexico
38492601,UK
2942589788,India
1584492977694691333,Pakistan
1595168652147494929,Pakistan
3088724457,Sovakia
1042240161617256448,Canada
771571580417695744,USA
1542160402666164226,USA
1110162017917243392,UK
1673844451,UK
414898511,USA
1552715085059178497,USA
2534398695,South Africa
36073634,South Africa
47050295,Denmark
597705626,Ireland
635653676,UK
2462802087,UK
30365182,USA
1184432823584858113,South Korea
1115908324552335361,UK
551153971,UK
735892470,USA
23922042,USA
1573907765587808258,USA
1586554752325877761,USA
12371172,USA
224073436,Spain
809909413,USA
1020078110660878337,USA
714485038591696896,USA
1041598632,South Africa
1216158144029585411,USA
2369715174,USA
22960629,USA
1167932707881541632,USA
1028600358459899904,Canada
36411664,Canada
37489774,UK
304823007,USA
835149095593361408,India
50784667,Canada
50626629,Sweden
1203360196443148288,USA
379977569,Sweden
711162535,Sweden
1571949318000574464,Sweden
2211464678,Switzerland
1506017038300557317,Switzerland
1497825889329229824,Austalia
893437019472379909,Australia
107169642,USA
1178686607626575873,USA
1481051503632822272,USA
1402944160991154185,USA
846832581790371840,USA
1521942318068215809,USA
1387514747738857472,Iran
945380469188759552,Ghana
14918577,UK
905530344,USA
4181080761,USA
282312233,USA
3858390852,USA
1024508293,USA
1352248772504543234,USA
4778411172,USA
3272146002,USA
779109751384788993,USA
1574079843821649927,USA
324154838,USA
1518980128889610241,USA
53119816,USA
223615407,USA
464202793,USA
775115559696408576,USA
1583809873313046528,Thailand
1578600175161180162,Thailand
1198622870966018054,Thailand
297742844,Canada
122476840,USA
84956872,USA
1056595824027721733,USA
702319204679024642,Australia
1510398232274386950,USA
1440726853300342786,USA
1588609358438359041,USA
1039173071318462466,Mexico
1535438798405808129,USA
1590314768677617666,Ethiopia
1556579346525179904,Ethiopia
1556579346525179904,Ethiopia
147463326,Japan
1736108306,USA
828025466887905280,USA
478138750,Canada
1375138120665067530,Canada
2832311922,Canada
33620070,Canada
351013017,Canada
290122927,Canada
205845020,Canada
1519865287205695493,USA
1554129996385587200,USA
1358189717771014144,USA
138662605,USA
1523299191082131457,Turkey
900681875718647808,Turkey
1255152542532562948,USA
837330509353136128,Italy
1449827242943684613,Uganda
1595789386888744962,Uganda
606144772,UK
472898734,UK
2971148061,UK
1293496585964400640,UK
1461408454514548744,UK
250781787,South Africa
1426601164703997956,USA
797806917590614016,UK
54498400,UK
2447664324,UK
381440196,UK
1521794283510149121,UK
2582681095,UK
1417209202636959746,UK
1561288285460123648,USA
1496344400649236483,USA
2880621087,USA
727660305023680512,USA
34817173,USA
185289508,USA
386688159,USA
15150549,USA
1585903348540219392,USA
355898383,USA
110256969,USA
497200393,USA
851298991614693376,USA
1247427307,USA
1129532332380082176,USA
767558981208334336,USA
3246195624,USA
878454038173335552,USA
1009968292621176832,USA
431020598,USA
1212573770059091969,USA
706297852268515329,USA
604053363,USA
1298051569171050496,USA
98907814,USA
112225417,USA
1527343415691603968,USA
1587094661843550209,USA
1543356473966731266,USA
1418606902573940750,USA
1587956661054050305,USA
2769337557,USA
1224863882868678656,USA
1580638498868322305,USA
20646382,USA
857370869609504768,USA
1553980367991754752,USA
1577766661586882580,USA
357232722,USA
1417320922109947915,USA
833150701211623424,USA
369957860,India
21941227,Canada
1121081233,Canada
272476744,Canada
3339174444,Canada
4805682378,USA
1280676458868830209,Australia
1482972462,Lithuania
26144406,USA
389716925,USA
840540316407017476,USA
2724754114,USA
47133990,USA
1515666962025693186,USA
4668238213,India
1183157737376534528,USA
1027114311842504704,UK
2710802621,UK
745681800400297987,USA
4906021990,USA
815236992174882816,UK
74174369,USA
50427352,USA
1165734957802672128,USA
16545084,USA
16224305,USA
822926139693953024,USA
47207737,New Zealand
422850113,USA
2984410546,USA
864678243626102784,UK
1447107326515814404,UK
1274533719106301952,Philippines
2285500598,USA
4089296830,USA
963190169074466816,USA
1593781778505932800,Canada
929018626526662657,UK
884402040201498626,UK
789397585,USA
88923703,Ireland
756656040834428928,USA
1596843666705874955,Namibia
69634730,Canaa
1240795740,Canada
1538931375759364098,UK
514778091,USA
3010974344,Australia
364309971,USA
892779626640150530,UK
1246195619334676481,Ethiopia
3392221066,UK
470444114,UK
2942683306,Greece