,id,country
0,1294095131834847233,USA
1,975069039218307072,USA
2,1271040305517617152,USA
3,1522116045279928320,USA
4,1166720606408036352,USA
5,772554912697815045,USA
6,970833147511300096,USA
7,931361748719824897,USA
8,1015795232422670336,USA
9,56813667,USA
10,1143879645592530944,Qatar
11,1464634353917509636,USA
12,1584684618862690304,USA
13,1542069756441726976,USA
14,1229838727981207553,USA
15,926351687194996736,USA
16,923185206680461312,USA
17,1034080588574031873,USA
18,2763854699,South Africa
19,931737330276290560,USA
20,826075421720539136,India
21,784466796183220224,UK
22,1329458741687808008,USA
23,2491813267,USA
24,3319050588,USA
25,809362912166944768,USA
26,1324308222828781569,USA
27,450555578,India
28,976374187609608192,USA
29,905191514,USA
30,908754389195558912,USA
31,970659652936515584,USA
32,1490542953328173056,USA
33,425165327,Ireland
34,1532625850398654464,USA
35,1521869290118467584,USA
36,983613072785813505,USA
37,1524810449212129280,USA
38,825879024555528192,USA
39,1004253405282328577,USA
40,908947985970610176,USA
41,1483764595655430145,USA
42,968450114179153921,USA
43,819968859591606273,USA
44,708771506998939650,USA
45,923204835230416898,USA
46,911454705292685313,Bangladesh
47,787859802936320000,Bangladesh
48,961572158316019712,USA
49,1490624143699726336,USA
50,852098436782587904,USA
51,1041894947585052673,USA
52,913915539772211202,USA
53,903197223705501696,USA
54,841296886539702272,USA
55,23629150,New Zealand
56,1536788606089670656,Malaysia
57,790528812505141248,USA
58,1489645853329575943,USA
59,794937834226458624,USA
60,1012589610994552834,USA
61,962582928906579969,USA
62,898567378983829504,USA
63,1382449358210277377,Canada
64,1472953294754512899,Canada
65,1565331121646215169,Canada
66,1389946860828299268,Canada
67,345482191,USA
68,1302896034260168706,South Korea
69,2800143476,Canada
70,124279999,Canada
71,385745392,Canada
72,49165172,Canada
73,3433587614,Turkey
74,3155766909,USA
75,1575896693169586177,Brazil
76,3279034640,Canada
77,21421397,Canada
78,1396604901162168322,USA
79,3296891708,Norway
80,1571535756,USA
81,1389311147803807746,UK
82,16914946,Canada
83,601373074,USA
84,523559327,Canada
85,1544263290196561920,Afghanistan
86,1495521577047367680,USA
87,15260722,USA
88,1573249744394223617,Iran
89,1320960119006502912,USA
90,102449083,South Africa
91,1225698736854036480,Denmark
92,1584310361372729344,Portugal
93,528167757,USA
94,1089912583795212289,USA
95,305818642,USA
96,1555135230746529792,Kenya
97,1579908238904070149,Germany
98,575954382,USA
99,914740242233610240,Canada
100,3170442088,Canada
101,3318607521,South Africa
102,2704829724,USA
103,33947812,UK
104,44315568,Spain
105,1131932332968022017,USA
106,879497098600873986,USA
107,892527331650056192,USA
108,272048679,Malaysia
109,1270105085138407429,Spain
110,3121115589,Italy
111,1099975647202557952,Philippines
112,52069825,USA
113,1590072020263489537,UK
114,38050918,USA
115,1587505767103725568,USA
116,3628478896,Nigeria
117,1454732780504424449,Spain
118,2414872573,Serbia
119,1044565864975093760,Nigeria
120,1243870687,Senegal
121,2812283375,Brazil
122,1022957540626259968,USA
123,735400012457381888,UK
124,2857918185,UK
125,111428078,Canada
126,3432948783,UK
127,797748498292756481,Nigeria
128,882401831367962624,Nigeria
129,1066392792715399171,Palestine
130,893254537733169152,USA
131,1541693317972377601,Ethiopia
132,1173292987868221440,USA
133,137844148,Spain
134,1301709620629721092,Brazil
135,18266592,USA
136,961879796958445568,Japan
137,351851658,UK
138,2578442060,Canada
139,348672703,Nigeria
140,19588360,UK
141,1479300232487657475,USA
142,929849083921125376,Nigeria
143,106106241,Ireland
144,1250527728698380289,The Netherlands
145,789451360911626240,Turkey
146,1280493906816380928,UK
147,17706314,UK
148,1307904053641314306,USA
149,27744104,USA
150,1108123560923418624,Peru
151,1362829396294266880,USA
152,625070121,USA
153,475467481,USA
154,19803416,USA
155,1130296729453117441,USA
156,1327988253840920576,India
157,171253181,Canada
158,20030116,Canada
159,502827003,Spain
160,1024509646051192832,Nigeria
161,418410620,USA
162,1486396851163119616,USA
163,1385421320876351488,USA
164,1593224094,USA
165,483558523,USA
166,949146217711263744,USA
167,1250032712,UK
168,281740624,Ireland
169,1148367807198969857,Germany
170,30103870,USA
171,974477197,Canada
172,19555231,USA
173,26079047,USA
174,370456473,USA
175,1492323378493022211,USA
176,1059286769550663680,USA
177,249851984,USA
178,19471205,USA
179,2883015027,UK
180,1206959168629985286,USA
181,1542214758572511234,Nigeria
182,1150585235538509824,USA
183,132178318,USA
184,1572502848222396417,Nigeria
185,369632971,UK
186,21930807,UK
187,1520366231945101314,USA
188,1452262723157430273,Canada
189,3316357393,USA
190,1283402549995941889,UK
191,2701837987,India
192,700107876820512768,USA
193,1457884559677272076,USA
194,1550670124784427009,USA
195,784798052762673152,Pakistan
196,1279930846053629953,UK
197,1142929815915204608,Japan
198,23246973,UK
199,1148030294743638017,Malaysia
200,614372147,USA
201,450409352,New Zealand
202,2956199983,Canada
203,1234483774781444102,USA
204,1579470195298541569,Ghana
205,2660374267,USA
206,2331011791,USA
207,1325263662,South Africa
208,194394058,USA
209,1569792088308613123,UK
210,78625795,UK
211,33636586,UK
212,1444818988672995335,USA
213,985283245574180864,Nigeria
214,2151411331,USA
215,938702612848959489,Nigeria
216,27948635,USA
217,805968320042151936,Australia
218,4165377754,USA
219,1570041582044200960,Columbia
220,65215093,USA
221,252396076,Australia
222,2564140491,USA
223,2633122271,Vietnam
224,1224106989128544256,USA
225,792186263142924288,El Salvador
226,3093080372,Nigeria
227,1578106090985857027,India
228,31296988,USA
229,30695423,South Africa
230,1591909638198513665,UK
231,1548793364128178178,USA
232,1580485390921879553,South Africa
233,365501987,USA
234,1288101195693936642,Nigeria
235,896345658,Nigeria
236,745944138,Nigeria
237,1279330646100447233,Nigeria
238,1297387735557316608,Kenya
239,1553818594974236675,Kenya
240,791038844854530048,Nigeria
241,1412901614021718019,South Africa
242,1509891962417160196,UK
243,136013285,USA
244,416170093,UK
245,944410144519024640,USA
246,1480848885945978888,New Zealand
247,66686733,Nigeria
248,23829035,Nigeria
249,965481252164956160,USA
250,1429841540189499392,South Africa
251,1474514473599836170,Nigeria
252,1081351865684672514,USA
253,898485749674364928,Nigeria
254,978548073096937472,Nigeria
255,461368110,Switzerland
256,1519095338270789632,USA
257,3140544597,USA
258,593041454,USA
259,151965668,USA
260,1553452401339912193,USA
261,1289463132788752384,USA
262,1509894804909527042,Kenya
263,1199891005866160128,Malta
264,1162732068431958016,Nigeria
265,991212449691992064,Kenya
266,1267308655428472834,USA
267,1142580474499534849,Nigeria
268,2598357146,USA
269,1579079577565003776,Nigeria
270,1478665009215463424,USA
271,2745170855,Kenya
272,1263798445997019142,Nigeria
273,1015436659230375936,Kenya
274,575692728,Kenya
275,1589033186071298049,UK
276,1568788430,India
277,731537745860907008,Nigeria
278,3394607787,USA
279,222857041,USA
280,2944167002,USA
281,860184781,USA
282,1093898661917011968,USA
283,1301920782038134784,The Netherlands
284,1502158751062630400,UK
285,735402450,Canada
286,1309743820481998850,Germany
287,1311097616839700482,USA
288,1519714315791708161,USA
289,179819182,USA
290,1541860322763542528,USA
291,3733074498,USA
292,1427099623441801216,USA
293,1355305730887331840,India
294,283729215,USA
295,2272090256,USA
296,1224960773895618560,USA
297,1595134239699353611,USA
298,1488091558813569025,UK
299,1275382860,USA
300,235147059,Kenya
301,1652192167,Kenya
302,1441459815377563652,India
303,869417417327480832,USA
304,1331061149417107456,USA
305,1173525207908323328,USA
306,1466651412981374978,USA
307,35756948,USA
308,4172368283,USA
309,1103627522955202561,South Africa
310,137807409,UK
311,2282270222,Nigeria
312,3382030115,Kenya
313,1588935948305256448,USA
314,900253552463032320,Germany
315,718834296669077504,Germany
316,1511420063810785290,USA
317,1582131060653010944,USA
318,1031642965029126145,France
319,2670076569,Ghana
320,14532664,Thailand
321,538170857,Nigeria
322,975378093970993152,USA
323,904926887247462401,Nigeria
324,1645796845,UK
325,61264934,Indonesia
326,1414265901340372996,France
327,3288705094,USA
328,1579860318842503169,USA
329,1747338542,USA
330,1577272027307597829,Turkey
331,1249740856967430144,Belgium
332,502000721,Indonesia
333,1403885994680754176,USA
334,1407277459976998912,India
335,1404315644879835138,USA
336,772852505529159680,USA
337,30193873,South Africa
338,1585526357567901696,South Africa
339,911258440382730240,Australia
340,1592470587535941633,India
341,2912957746,Nigeria
342,2163551056,Ghana
343,885001795654873092,Nigeria
344,31779078,UK
345,3835425045,USA
346,1559052283697975296,USA
347,1489790449640484864,USA
348,1585944936335249409,Canada
349,1593230054443450369,USA
350,1518651353928806400,Germany
351,1088546070647447554,Indonesia
352,1585874836286758912,USA
353,1473650981078503437,Nigeria
354,1561768678160572416,Bangladesh
355,1557589842392862720,USA
356,1595111459440271362,Nigeria 
357,1590697729356972033,Indonesia
358,362074920,Mauritius
359,1232350075621462018,USA
360,3026569511,USA
361,1586862829839306757,Italy
362,3073316169,USA
363,375292710,UK
364,278977849,Japan
365,339576418,USA
366,1474925453261492226,Ivory Coast
367,972011992520318976,UK
368,1227926837470298112,Ukraine
369,178769737,USA
370,1357398998,South Africa
371,42034114,Nigeria
372,2599006848,France
373,2230877682,USA
374,878723990,USA
375,454939194,Sri Lanka
376,1412454491287347200,USA
377,611524526,USA
378,2645948135,USA
379,3127449109,Ghana
380,1537079611590201345,Nigeria
381,1478754489611939841,USA
382,816385507,USA
383,1528657354811748352,Pakistan
384,1417471318526734343,Canada
385,1519018093506301953,UK
386,901510624072450048,Uganda
387,1366877843527974912,USA
388,420529454,Nigeria
389,873442087403872256,Lebanon
390,195267660,USA
391,432114683,USA
392,217474287,Nigeria
393,2991312988,USA
394,1246245727166173184,Canada
395,1397599081,USA
396,1461914065383698433,USA
397,1128802466688978944,USA
398,214400521,South Africa
399,1374494849685065734,USA
400,395646798,Ethiopia
401,16059899,Mexico
402,266099337,USA
403,554418556,New Zealand
404,1430794507461742592,USA
405,2316356275,USA
406,55634755,USA
407,461360732,USA
408,970057029145583616,USA
409,1477672337373859848,Mexico
410,937760573365743616,USA
411,1349136910510395392,Nigeria
412,1531161175,Nigeria
413,1586514732605112320,Argentina
414,141870431,USA
415,1511379655202385923,USA
416,2720131461,USA
417,1354000680491622400,USA
418,1540005941420204034,UK
419,4846851059,USA
420,121243842,UK
421,455137159,USA
422,905452098107486208,USA
423,815461910795657216,USA
424,918649453808095233,USA
425,17194257,USA
426,1288560742917185538,USA
427,810473529665814528,Nigeria
428,17097090,USA
429,304575140,USA
430,41161995,USA
431,1147488047656775680,USA
432,2790948405,USA
433,1551465440,USA
434,1359891004145426436,USA
435,1475180533,UK
436,1048883100753809408,Pakistan
437,228530136,Kenya
438,1559994791651430400,USA
439,826532549518204935,Nigeria
440,1555465111313211392,Kenya
441,1297207077362958336,Canada
442,1129848049,Ethiopia
443,1418959212,USA
444,3010712156,Zambia
445,123560362,UK
446,367166948,USA
447,1195551799303950336,UK
448,64736207,USA
449,273732910,UK
450,1188947703000002561,Canada
451,1069746895650574336,UK
452,3244619288,USA
453,1710909410,USA
454,40874035,USA
455,303304759,USA
456,736934141430616068,USA
457,4519267396,UK
458,2951467943,USA
459,18303259,Switzerland
460,383347938,USA
461,1595134285664718849,USA
462,1012380076757999616,USA
463,436362270,Kenya
464,16960981,New Zealand
465,1612681699,Vietnam
466,1276876805018968065,USA
467,1213556947334549504,USA
468,15321408,USA
469,955465869827674114,France
470,1352451605950386177,USA
471,851974004,USA
472,31579226,USA
473,1238242409919598593,USA
474,112961565,USA
475,4887216641,USA
476,1882680462,USA
477,1509538072588865536,USA
478,733385072435302400,USA
479,793161180814708736,USA
480,4863079029,Canada
481,2805971736,Nigeria
482,1094248120265965568,USA
483,914956623801733121,Canada
484,26688322,Canada
485,420554142,USA
486,1253659543114002432,USA
487,1152213159941464064,Nigeria
488,357668552,USA
489,102693320,UK
490,306928901,UK
491,817761598278406148,France
492,1431221129633574915,South Africa
493,149220881,USA
494,1209216199,USA
495,786436129406930944,USA
496,1313768552374116354,USA
497,54271167,USA
498,385347340,Ukraine
499,949863390263984128,USA
500,19792963,USA
501,1373010725531234308,UKraine
502,1520770905106006016,UKraine
503,1272938731305971719,USA
504,2493572165,USA
505,1512561912,Pakistan
506,1930081772,USA
507,934899790386794496,Thailand
508,1421894945561055235,USA
509,23020850,South Africa
510,1163250458242310144,UK
511,74976267,China
512,1503602749740490753,USA
513,1535618821654032384,USA
514,1467445282187059207,Brazil
515,892033657,USA
516,194010918,USA
517,4897650934,USA
518,17233163,USA
519,845397940348710912,UK
520,107537984,USA
521,2986003535,Ukraine
522,1513928084,USA
523,1508110485845065728,USA
524,1372641625,Italy
525,778895864,Canada
526,1067803490792194049,USA
527,37779460,Greece
528,20735597,USA
529,247124103,Canada
530,104299137,USA
531,45096435,Brazil
532,58628774,USA
533,849825365199474690,USA
534,32468665,USA
535,63687427,USA
536,18009561,USA
537,2392035564,Jamaica
538,2355196619,USA
539,1440635012,USA
540,140647400,UK
541,51547100,USA
542,3410982292,Mali
543,60453854,UK
544,1080608253501997057,Canada
545,4734633338,USA
546,1571516993819246593,Germany
547,1464872771222224904,UK
548,1583544330299604997,USA
549,1014751753030569984,UK
550,853421990350209024,USA
551,1391984100165046273,Thailand
552,1309219041102397440,Kenya
553,15099678,USA
554,1417842142882435078,USA
555,307472510,USA
556,954215337549017088,USA
557,774040748228485124,Ghana
558,44324795,USA
559,350926336,UK
560,168482605,USA
561,994068783106019328,Canada
562,2831226093,UK
563,1563284492571529217,USA
564,275665331,South Africa
565,906612331,South Africa
566,19191838,USA
567,1327243603018735617,Chile
568,164448571,Canada
569,1146136945346654209,UK
570,50713155,UK
571,2210672052,USA
572,147561402,USA
573,1364693976578748422,Nigeria
574,512455658,USA
575,985152358874218502,UK
576,2318270108,USA
577,1482202524149075970,Kenya
578,1398974657517166599,USA
579,1052976011975962626,USA
580,1044630630682816513,Nigeria
581,405776002,USA
582,1908383365,Canada
583,433120880,India
584,4390331,USA
585,66338988,USA
586,1039297826612830209,USA
587,548562627,Canada
588,44680219,USA
589,343990983,USA
590,414052454,Canada
591,752577033729871872,UK
592,14948068,UK
593,830048982,Canada
594,95834922,Canada
595,1394751012590792706,Morocco
596,4052491047,USA
597,973087261,USA
598,1523281617535393792,Canada
599,1292794305556500488,USA
600,1104610338,Iran
601,420900119,UK
602,15847994,USA
603,733085131972300800,India
604,332011436,Haiti
605,2546002871,UK
